SeqID,sequence,quality
@M02019:67:000000000-L65C4:1:2119:4689:15819 2:N:0:16,GCGCTTGCTCTAGTCACATC,>EGGGGGGGGGGGGGGGGGG
@M02019:67:000000000-L65C4:1:1101:19031:2526 2:N:0:16,TCAAGTTGATAACGGACTATCCTTATTTCAACTTTCTTTGCTGTTTCCCTCTTCTCTCTTCCCCCTTCTTTCCTTTTCCTCCTCCCCCCTCTTTTTTTCTCCCTTTTTTCCTTTTTTTCTCCCTCCCCCCCTTTTCNTTCCTTTTTTTTTTCTNNNNNNNNNNNNNNNNNNNNNNNNNNNNNNNNNNNNNNNNNNNNNNNNNNNNNNNNNNNNNNNNNNNNNNNNNNNNNNNNNNNNNNNNNNNNNNNNNNNNNNNNNNNNNNNNNNNNNNNNNNNNNNNNNNNNNNNNNNNNNNNNNNNN,"-8--8CF9,C,-C-+,8@,,<CC@,CCE,,,<<C,;@,<,;C,<C@CC,,;CC,,;;@CC,,,;66,;6,,,6;,,6,;,64,968,+8+,,,9,,78995:,,,,,,8,59:,9,+6999,,,,6+6+6++88,,#88+8+,88,+++5343####################################################################################################################################################"
@M02019:67:000000000-L65C4:1:2119:27959:8454 2:N:0:16,TAGGCCATTCTCTCTCTTTC,GGGDFGGGDGGGGGGGGGGG
@M02019:67:000000000-L65C4:1:1101:15580:2541 2:N:0:16,TCAAGTTGATAACGGACTCGCCTTATTTTCCCTTTCTCTGCTTTTTCCTTCTTTTCTCTTCCCCCCCTTTTCTCCCTCCCTTCCCCTCCCTTTTTTTTCTCCCTCCCCTCCTTTTCTTCTCTCCCCCCCCTTTTCCTTTCCTTTTCTTTTTTTTNNNNNNNNNNNNNNNNNNNNNNNNNNNNNNNNNNNNNNNNNNNNNNNNNNNNNNNNNNNNNNNNNNNNNNNNNNNNNNNNNNNNNNNNNNNNNNNNNNNNNNNNNNNNNNNNNNNNNNNNNNNNNNNNNNNNNNNNNNNNNNNNNNN,"-8--,<C,,<,-;-+,78,,78@@,<@@,,,;;;,;@,;,;<,;;<C<,,;;<,,6;;66,,,;66++,,6,,66,,,,,,,,,66,,6,,,,:,+744495,,,+++4+449,9,,4999,,,,6+4+3+,36,3876,7,,37,,,,7,++8###################################################################################################################################################"
@M02019:67:000000000-L65C4:1:1101:16898:2545 2:N:0:16,TCAAGTTGATAACGGACTAGCCTTATTTAAACTTCCTTTGCTTTTTCCATCTTTTCTCTTCCTCCCTTCTTCTCCCTCTCCTTCCCTCCCTTTTTTTTCTCCTTTCCTTCCTTTTCTTCTCCCCCCTCCCTTTTCCTTTCCTTTTCTTTTTTTTNNNNNNNNNNNNNNNNNNNNNNNNNNNNNNNNNNNNNNNNNNNNNNNNNNNNNNNNNNNNNNNNNNNNNNNNNNNNNNNNNNNNNNNNNNNNNNNNNNNNNNNNNNNNNNNNNNNNNNNNNNNNNNNNNNNNNNNNNNNNNNNNNNN,"-8--,CF9,C9-C-+,8@,,;;C@,<CC,,,;<C,5;,<,;<,<C@@E,,;CC,,;;;@@,,,;6,,6,6,,;,;,,,6,6,9,99,,8,,,,:,+779=?A,,,,,,9,49A,9,,99@=,,,+7+4+4,,99,99A=,9,,99,,,,9,++8###################################################################################################################################################"
@M02019:67:000000000-L65C4:1:1101:15954:2566 2:N:0:16,TCAAGTTGATAACGGACTATCCTTATTTCCACTTTCTATGCTGTTTCCATCTTTTCTCTTCCCCTCTCTTTCTTCCTCCTTTCCCCTCCTTTTTTTTTCTCCTTTCTTTTCTTTTCTTCTCCCCCCCCCCTTTTCCTTTTCTTTTCTTTTTTTTTTTNNNNNNNNNNNNNNNNNNNNNNNNNNNNNNNNNNNNNNNNNNNNNNNNNNNNNNNNNNNNNNNNNNNNNNNNNNNNNNNNNNNNNNNNNNNNNNNNNNNNNNNNNNNNNNNNNNNNNNNNNNNNNNNNNNNNNNNNNNNNNNNN,"-8--,CF,,=,-C-+,8@,,<;CC,6C@,,,;;C,;<,<,;C,<C@CC,,;;C,,<;@@@,,,;6,,;666;66;,6,,6,;5569,,8,,,,:++77999?,,,,,,9,59:,9,,99==,,,+8+6+4+,78,88@=,7,,78,,,,8,++85>+################################################################################################################################################"
@M02019:67:000000000-L65C4:1:1101:7965:2570 2:N:0:16,TCAAGTTGATAACGGACTAGCCTTATTTTTACTTTCTTTGCTCTTTCCAGCTTTGCTCTTTTTCCTCCTTCCTCCCCTCTCTTCCCTCCCCCCTCCTTCCTCCTATCCTTTCTCTTTCTCTCCTCTCCCTTTTCCTCTTTCCTTCTTCTTCTCTCTCTTNNNNNNNNNNNNNNNNNNNNNNNNNNNNNNNNNNNNNNNNNNNNNNNNNNNNNNNNNNNNNNNNNNNNNNNNNNNNNNNNNNNNNNNNNNNNNNNNNNNNNNNNNNNNNNNNNNNNNNNNNNNNNNNNNNNNNNNNNNNNNN,"686-@CEC9E,@E-+B@:,,;;C<,;CC,,,;@C,;;,<5,;,<;CC@,,66C,,,;@@;,,,;,,,6;;,,,,,,,,,,,,,,,9,,,,,6++,,,,,,,,46,,,,,,,,9,,,4,,4,,4,,,,49,,,,,,,,,,,,,4,,,,,4,,,,,,,,,,##############################################################################################################################################"
@M02019:67:000000000-L65C4:1:1101:15224:2594 2:N:0:16,TCAAGTTGATAACGGACTATCCTTATTTCCCCTTCCTCTGCTGTTTCCTTCTTTTCTCTTTCCCTCCTTTTCTCTCTCTCCTTTCCTCCCTTTTTTTTCTCCTTCCCTTCCTTTTCTTCTCCCCCCACCCTTTTCCTTTCCTTTTCTTTTTCTTTTTCTTNNNNNNNNNNNNNNNNNNNNNNNNNNNNNNNNNNNNNNNNNNNNNNNNNNNNNNNNNNNNNNNNNNNNNNNNNNNNNNNNNNNNNNNNNNNNNNNNNNNNNNNNNNNNNNNNNNNNNNNNNNNNNNNNNNNNNNNNNNNNN,"68--,<E9,C,-C-+,8@,,<;C@,<<@,,,;;C,;;,;,;C,<;<CC,,6;C,,;;;;@,,,;66,6;,66;,,,,,,,65,,6:,,9,,,,9,+744499,,,,,,4,499,9,,99@=,,,+4+4+6+,49,4999,4,,59,,,,9,,,7764,66#############################################################################################################################################"
@M02019:67:000000000-L65C4:1:1101:17197:2600 2:N:0:16,TCAAGTTGATAACGGACTAGCCTTATTTCCACTTCCTTTGCTGTTTCCTTCTTTTCTCTTCCTCCTCCTTTTTTCTTCTTCCTCCCCCCTTCTTCCTTCTCCCTCCCTTCCTTTTTTTCTCCCTCCCCTCTTTTTCTTTACCTTTACTTTTTTTTTCCTTNNNNNNNNNNNNNNNNNNNNNNNNNNNNNNNNNNNNNNNNNNNNNNNNNNNNNNNNNNNNNNNNNNNNNNNNNNNNNNNNNNNNNNNNNNNNNNNNNNNNNNNNNNNNNNNNNNNNNNNNNNNNNNNNNNNNNNNNNNNNN,"-86-6EF9,E9-C-+,7@,,;C@C,;C@,,,;<C,;;,<,5;,<C@C@,,;;@,,;;;66,,,<6,,,,6,,6+,,,6,6659,68,+6+,,,6,,655459,,,,,,9,959,9,+8499,,,,4+4,4,,99,995@,4,,99,,,49,,+463,3,3#############################################################################################################################################"
@M02019:67:000000000-L65C4:1:1101:14278:2606 2:N:0:16,TCAAGTTGATAACGGACTAGCCTTATTTAAACTTGCTATGCTGTTTCCAGCTTAGCTCTTAAACCTTCCTTTTTTTCTTCCCTCTCTACACCGTTCCCCTTCCTACCCTACCTTTCTCTCTTCTCTCCCTCTTTCTCTTACCTTCTTCCTTTTTTTCCTTCNNNNNNNNNNNNNNNNNNNNNNNNNNNNNNNNNNNNNNNNNNNNNNNNNNNNNNNNNNNNNNNNNNNNNNNNNNNNNNNNNNNNNNNNNNNNNNNNNNNNNNNNNNNNNNNNNNNNNNNNNNNNNNNNNNNNNNNNNNNN,"@BCCCGGGGGGGGFGDFGD8EEFF,CFE,,,;CE,<A,<5?E9CFFE9,,;CC,,6C@CE,,,;6,6;6;@@,,6+,69,9,,9,:@,,,,:+,,9,,,,,,49,,::,,,,:,,,9,4,,,55,54:4,,4,,,,,,,,,,,,,,99,9,4,,++,,,4,############################################################################################################################################"
@M02019:67:000000000-L65C4:1:1101:7954:2618 2:N:0:16,TCAAGTTGATAACGGACTAGCCTTATTTTTACTTGCTTTGCTGTTTCCAGCTTTCCTCTTCTTCCTTCTTTCTCTCTTTCCTTTCCTCCTTCTTCCTTCTCCCTCCCCTTCTTTTTCTCTCCCTCCCCCCCTTTCCTTTTCTTTTCCCTTCTCTTTCCTTTTNNNNNNNNNNNNNNNNNNNNNNNNNNNNNNNNNNNNNNNNNNNNNNNNNNNNNNNNNNNNNNNNNNNNNNNNNNNNNNNNNNNNNNNNNNNNNNNNNNNNNNNNNNNNNNNNNNNNNNNNNNNNNNNNNNNNNNNNNNN,"688-<EFGFGA9EF7:7@,6,;CC,;C@,,,;;C,5;,<,,<,<;CC6,,66C,,6;A;<,,,<66,,66,,,,,,,,,,65,59:,,9,,,,6,,6554,9,,,,,,,,45:,5,,,,,,,,,,4,,++++,,,,,54,9,,54,,,,4,,,,4,,4,4,9###########################################################################################################################################"
@M02019:67:000000000-L65C4:1:1101:11545:2618 2:N:0:16,TCAAGTTGATAACGGACTAGCCTTATTTAAACTTGCTCTGCTGTTTCCATCTTCTCTCTTCCCCCCTCTTTTTCTCCTCTCTCTCCCCCCCCTTTTTTCTCCCCCCCCTACTTCTCTTCTCCTTTCCCCCCTTTCCTTTCCTTTTTTCTTTTTTTTCCTTTTNNNNNNNNNNNNNNNNNNNNNNNNNNNNNNNNNNNNNNNNNNNNNNNNNNNNNNNNNNNNNNNNNNNNNNNNNNNNNNNNNNNNNNNNNNNNNNNNNNNNNNNNNNNNNNNNNNNNNNNNNNNNNNNNNNNNNNNNNNN,"688-BFFGAFDAFCC>CF8,CCCD,<CE,,,;CC,;;,;,;C,CCEDE,,;;C,,;A@@C,,,;66+66;;,,,,,666,99,,96,,7++++4,,5749,9,+++++8+67:,7,,8464,,,,7,7,3++66,677@,7,,77,+,,7,,,554335374###########################################################################################################################################"
@M02019:67:000000000-L65C4:1:1101:10936:2640 2:N:0:16,TCAAGTTGATAACGGACTAGCCTTATTTCTCCTTTCTCTGCTGTTTCCATCTTCCCTCTTCCCCCCTCTTTCTTCTTCTTCTTCCCCCCCCCTTTTTTCTCCCCCCCCTCCTTCTCTTCTCTCTTCCCCCCTTTTCTTTCCTTTTCTCTTTCTTTTTCTTTTTNNTNNNNNNNNNNNNNNNNNNNNNNNNNNNNNNNNNNNNNNNNNNNNNNNNNNNNNNNNNNNNNNNNNNNNNNNNNNNNNNNNNNNNNNNNNNNNNNNNNNNNNNNNNNNNNNNNNNNNNNNNNNNNNNNNNNNNNNN,"68--8CFC,E9<FC77@@@,CCCC,;CA,,,;;C,,<,;,;C,<C@C<,,;;C,,;;66@,,,;6++,,,,6,69,6666655,66,+7++++4,,57,455,+++++6+44:,7,,7,43,,,,5,6,3++33,3376,3,,77,,,,7,,3375,,3,,,3##*#######################################################################################################################################"
@M02019:67:000000000-L65C4:1:1101:7054:2651 2:N:0:16,TCAAGTTGATAACGGACTAGCCTTATTTATACTTGCTATGCTGTTTCCAGCTTTGCTCTTCCTCCCCCTTCTTCCCCCCCCTCCCCTCCTTCTTCCTTCTCCCTCCCTTTCTTTTTTTCTCTCTCCCCCCTTTTTCTTTCCTTTTTCTTTCTCTTTCTCCTTTTTCTNNNNNNNNNNNNNNNNNNNNNNNNNNNNNNNNNNNNNNNNNNNNNNNNNNNNNNNNNNNNNNNNNNNNNNNNNNNNNNNNNNNNNNNNNNNNNNNNNNNNNNNNNNNNNNNNNNNNNNNNNNNNNNNNNNNNNN,"68--8FFE9FECFGD7@C8;@CEA,CC<,,,6<C,5@,<,5@;CCCC@,,66C,,,;6;;,,,<;,,+66,,6,66,766+4,466,,6,,,,6,,65,4,5,,,,,,4,559,5,+4,44,,,,4,4+++,46,4474,4,,53,,,,3,,,533,,,,3,,,6,,######################################################################################################################################"
@M02019:67:000000000-L65C4:1:1101:23767:2654 2:N:0:16,TCAAGTTGATAACGGACTAGCCTTATTTAAACTTGCTATGCTGTTTCCAGCTTAGCTCTTATACCTTCCTTCCCACTCCTCCTTCCTACATCCTCCTTCTCCATGCCTTACTTATTCTCTCTTTTCACTCTTTTTCTTTACACTTACCTTCTCTTTCCTTTCGNNNNNNNNNNNNNNNNNNNNNNNNNNNNNNNNNNNNNNNNNNNNNNNNNNNNNNNNNNNNNNNNNNNNNNNNNNNNNNNNNNNNNNNNNNNNNNNNNNNNNNNNNNNNNNNNNNNNNNNNNNNNNNNNNNNNNNNNNN,"8A@@CGGGGGGGGGDGDCF@FFGG?EEE,,,;CC6@@,<5<F,CECC@,,66C,,,;66@,,,;;6,,6;;,6,,;,,6,,9459B,,9,,,,9,,659959,,,,,,4,95:,9,,4,9,,,,,5,9,9,,49,,49@,4,,99,,,,4,,,594,944@;+##########################################################################################################################################"
@M02019:67:000000000-L65C4:1:1101:7720:2655 2:N:0:16,TCAAGTTGATAACGGACTAGCCTTATTTATACTTGCTATGCTGTTTCCAGCTTAGCTCTTATTCCCCCTTTTCTCCCTTCCTCCCCTCCTTCTTCCTTCTCCCTCCCTTACTTCTTCTCTCCCTTCCCCCTTTTCCTTTACTTTTTCCTTCTCTTTCCCTTTTCTCTNNNNNNNNNNNNNNNNNNNNNNNNNNNNNNNNNNNNNNNNNNNNNNNNNNNNNNNNNNNNNNNNNNNNNNNNNNNNNNNNNNNNNNNNNNNNNNNNNNNNNNNNNNNNNNNNNNNNNNNNNNNNNNNNNNNNNN,"68A@CGGG9FCGGGGDCC8<CEFF,CCC,,,<CC,@A,;5?C,CCECC,,6CC,,;AA@C,,,<;,,6+,,,6,,6,,,699,488,,8,,,,6,,65,4,5,,,,,,4,959,9,,,,44,,,,4,9,4+,44,9,99,9,,54,,,,4,,,5444,,,,,,,,,,######################################################################################################################################"
@M02019:67:000000000-L65C4:1:1101:20075:2655 2:N:0:16,TCAAGTTGATAACGGACTAGCCTTATTTAAACTTGCTATGCTGTTTCCTTCTTCTCTCTTCCTCCCTTTTCCTTTCCCCTCTTTCCTCCCCTTTTTTTCTCCCCTTTTTTCTTTTTTTCTCCTTCCCCTCTTTTCCTTTCCTTTTCTCCTCTTTTTCCTTTTTNNCNNNNNNNNNNNNNNNNNNNNNNNNNNNNNNNNNNNNNNNNNNNNNNNNNNNNNNNNNNNNNNNNNNNNNNNNNNNNNNNNNNNNNNNNNNNNNNNNNNNNNNNNNNNNNNNNNNNNNNNNNNNNNNNNNNNNNNN,"88--,CF,9F9<F@7CCF8,;CCE,CEE,,,;CC,;B,;,;C,<CCCE,,;;@,,;AAC@,,,;;6,6,,;,,,,,,,,,8,559:,,6,,,,:,,774,55,,,,,,9+::9,9,+8494,,,,4,9,4,,94,4999,9,,99,,,,9,,,88=66=6,46##1#######################################################################################################################################"
@M02019:67:000000000-L65C4:1:1101:7072:2657 2:N:0:16,TCAAGTTGATAACGGACTAGCCTTATTTATACTTCCTTTGCTGTTTCCCTCTTTTCTCTTTCTCCCCCTTCCTCCCTCCCTTCCCCTCCCTCCTCCTTCTCCCTCCCTTTCTTTTTCTCCCTCTCCCCCCTTTTCCTTTCCTTTTTCCTTCTCTTTCTTCTTTTTTTNNNNNNNNNNNNTNNNNNNNNNNNNNNNNNNNNNNNNNNNNNNNNNNNNNNNNNNNNNNNNNNNNNNNNNNNNNNNNNNNNNNNNNNNNNNNNNNNNNNNNNNNNNNNNNNNNNNNNNNNNNNNNNNNNNNNNN,"68--8EEFDFCCGDCC@C,,<@CC,<C@,,,;<C,;6,6,;C,CCCC@,,;;C,,;;@;@,,,666,+666,6,,6,9,6,,,,9:,,,,,,,6,,65,,,:,,,,,,,,,5:,5,,,,,4,,,,,,4+4+,,,,,,94,4,,,4,,,,4,,,5,4,,,,44,,2++############0#########################################################################################################################"
@M02019:67:000000000-L65C4:1:1101:11066:2657 2:N:0:16,TCAAGTTGATAACGGACTAGCCTTATTTATACTTGCTATGCTGTTTCCTTCTTATCTCTTCCTCCCCTTCTTTCTTCTTTCCTCCCCTCTCTTTTTTTCTCCTTCCCTTTCTTTTCTTCTCCTTCCTCTCTTTTCCTTTCCTTTTTTCTTTTTTTTCCTTTTTTTCTNNNNNNNNNNNNNNNNNNNNNNNNNNNNNNNNNNNNNNNNNNNNNNNNNNNNNNNNNNNNNNNNNNNNNNNNNNNNNNNNNNNNNNNNNNNNNNNNNNNNNNNNNNNNNNNNNNNNNNNNNNNNNNNNNNNNNN,"688<CFGGGGDDGEED@FD8CCCA,CCE,,,;CC,,;,;,;C,<CEE@,,;;C,,;;6<@,,,<66,;6,,6;6;,,;,6,555,6,,8,,,,9,,67,455,,,,,,9,55:,9,49,94,,,,4,:,4,,49,4999,9,,99,+,,9,,,484,,4466,66,3######################################################################################################################################"
@M02019:67:000000000-L65C4:1:1101:20177:2658 2:N:0:16,TCAAGTTGATAACGGACTAGCCTTATTTACACTTTCTCTGCTGTTTCCATCTTCTCTCTTCCCCCTTTTTTTTTTTTTCTCTTCCCCTCCCTTTTTTTCTCCCCTTTCTCCTTCTCTTCTCCCTTCCCCCTTTTCCTTTTCTTTTCTCTTTTTTTTTCTTTTTNNCNNNNNNNNNNNNNNNNNNNNNNNNNNNNNNNNNNNNNNNNNNNNNNNNNNNNNNNNNNNNNNNNNNNNNNNNNNNNNNNNNNNNNNNNNNNNNNNNNNNNNNNNNNNNNNNNNNNNNNNNNNNNNNNNNNNNNNN,"686-8EFC9F99E-+@@@8,;@CE,CCC,,,;;C,;B,;,;C,<CEEE,,;;C,,;AAC@,,,;76,,,6++++7666,9,,,59?,,8,,,,:,,774959,+,,,,9,9::,9,,9994,,,,4,:,4+,76,,476,7,,93,,,,7,,,88=+,5,,54##+#######################################################################################################################################"
@M02019:67:000000000-L65C4:1:2115:8328:4976 2:N:0:16,CGGCCGATCACCGTCTCCCC,@@FECFGCFFEGGEEFF9@:
@M02019:67:000000000-L65C4:1:2116:21885:23001 2:N:0:16,CAGCCACGGTGACCAGCGTT,"@,6CD<CFB@DFF9<<B@4="
@M02019:67:000000000-L65C4:1:1101:9980:2671 2:N:0:16,TCAAGTTGATAACGGACTAGCCTTATTTATACTTTCTTTGCTGTTTCCATCTTATCTCTTCCCCCTTCTTCTTCTTCCTCTTTTCCTCCTCCTTTTTTCTCCCTCCCCTCCTTCTCTTCTCCCTTCCCCCCTTTTCTTTCCTCTTCTCTTTTTTTTCCTTTTTTTCTTNNNNNNNNNNNTNNNNNNNNNNNNNNNNNNNNNNNNNNNNNNNNNNNNNNNNNNNNNNNNNNNNNNNNNNNNNNNNNNNNNNNNNNNNNNNNNNNNNNNNNNNNNNNNNNNNNNNNNNNNNNNNNNNNNNNNN,"686ACGGGFGGGGCCCFFE8CFFF,CEF,,,;CC,5A,<,5C,CEDEA,,6CC,,;;@@C,,,;6+,6,,,;;6,,6,6,6,,,,:,,9,,,,6,,64,9,5,,,,,,9,44:,9,,4,,,,,,,,,4,+++4,,,,,9,4,,94,,,,9,,,866,4,,4443666,###########0#########################################################################################################################"
@M02019:67:000000000-L65C4:1:1101:20065:2672 2:N:0:16,TCAAGTTGATAACGGACTAGCCTTATTTAAACTTGCTATGCTGTTTCCATCTTATCTCTTCCACCCTTCTCCTTCTTTCTCTTCCCCCCCCTTTTTTTCTCCCTTTTTTTCTTCTCTTCTCTTCTCCCTCCTTTCCTTTCCTCTTCTTCTTTTTTTCCTTTTCTNCTNNNNNNNNNNNNNNNNNNNNNNNNNNNNNNNNNNNNNNNNNNNNNNNNNNNNNNNNNNNNNNNNNNNNNNNNNNNNNNNNNNNNNNNNNNNNNNNNNNNNNNNNNNNNNNNNNNNNNNNNNNNNNNNNNNNNNN,"888-BFGEFGFFGEEGEFC8CEEE9CEE,,,;CE,5B,;,;C,CEFDE,,;CC,,;ABCC,,,;;8,,,6,,,,,,,,,66,,,9:,+8+++,:,,779499,,,,,,8+4:9,9,,9999,,,,5,:,9+,,,,,758,,,,57,,,,4,,,833,,,,,,,3#++######################################################################################################################################"
@M02019:67:000000000-L65C4:1:1101:22700:2675 2:N:0:16,TCAAGTTGATAACGGACTAGCCTTATTTCCACTTTCTCTTCTGTTTCCCTCTTCTCTCTTCCCCCCCCTTTCTCTCCTTTTTCCCCCTCCCCTTTTTTCTCCTTTTCTTCCTTTTTTTCTCTTTCCCCCCCCTTCCTTTCCTTTTTTCTTTTTTTTCCTTTTTCNCGNNNNNNNNNNNNNNNNNNNNNNNNNNNNNNNNNNNNNNNNNNNNNNNNNNNNNNNNNNNNNNNNNNNNNNNNNNNNNNNNNNNNNNNNNNNNNNNNNNNNNNNNNNNNNNNNNNNNNNNNNNNNNNNNNNNNNN,"68--8CE<,E9-F7+,+@,,;CEF,<CC,,,;C@,;B,<,;C,<CCCC,,;C@,,;@6@@,,,;6676+966,,,,,,9,,,4,:6++6,,,,9,,97495:,,,,,,9,59:,9,+6499,,,,9,4+4++68,87?=,7,,73,+,,8,,,5344355;4@@#4*######################################################################################################################################"